interactor,interactee
GRNSAKDIRTEERARVQLGNV,TTNSVETVVGKGESRVLIGNE
GRNSAKDIRTEKRARVQLGNV,TTNSVETVVGKGESKVLIGNE
VRIYAKDIKSEEMARVRVGNE,TVSRVDSVAARGKSAVHIGHQ
GKNSAGRINGPGMVNIGNS,TVNHVDEINTAEPSRVHIGNT
HRIKIGKVTQASNAKAVIGVH,MNVEIDDVSVGPGSWSLVGVS
GKNSAGRISGSGAVNIGNT,TTNYVNEVDTAETGRVNIGNT
GKNSAGRITGPGRVKIGNS,TVNHVDEINTAEPSRVHIGNT
VRNYASEIKGDEDAKVRLGND,THNEADSVTAKGSSTVHIGNI
GRNYAKDINSEGMARVRIGNE,TVNLADSVAAKGTSAVHIGNQ
GKNSAGRITGPGMVNIGNS,TVNHVDEINTAEPSRVHIGNT
RGQRITDVEMSGKGKALVGRV,LYQEIHNVKATTGGKGIVGVV
SSNTIDQAKVAETAKVKVVNE,TTNKIRDLDAQGRSRVLVGDS
AAQRISAVCATEESTTLAGKF,TGQDISKVHAGQKSFAVAGLA
GKNSAGRINGPGMVYIGNS,TVNHVDEINTAEPSRVHIGNT
AAQRISDVCATEESTTLAGKF,TGQDISKIHAGQKSFAVAGLA
GMNSAGNVKTEDLARFQLGNV,TNNLVETVSAKDQSQVQIGTV
GKNSAGRITGPGRVNIGNS,TVNHVDEINTAEPSRVYIGNT
VRNYAREIKGDEDASVRLGND,THNEADSVTAKGSSTVHIGNQ
GINRIYKAKVTETAKVKVGNE,TINEIVDLEARGSSDVHVGNT
VRIYAKDIKSEEMARVRVGNE,TANRADSIAAKGKSVMHIGNQ
VRNYTREINGDENAKVWLGND,THNEADSVSAKGSSAVHIGNR
GRNFTKDIKSEEMARVRVGNE,TANLADSVEAKGTSAVHIGNQ
SSNTIDQAKVAETAKVKVGNE,TTNKIGDLDAQGRSRVLVGDS
GKNSAGRISGSGAVNIGNT,TTNYVNEVDTAETGRVNIVNT
TKQNIRDVKTTGNSIALAGLI,VEQNISQIHTDGHSISVAGVA
ITGQNTARCISGKGRTNIGHI,TFNHVDEINLDETARVNIGNT
GHNTAEFVNLEGSAKFLVGNV,TKNSMRTVSATNQSRLQVGNV
TTHKYSFTEASEDSIVIQGDY,PGHSYGVTIITGGTKLIQGDS
EGNTVRYAVALGEARQLVGVI,AAVAIDQLIAKDKARQMGGTI
TGQDIGNIRTSDDSRALVGLP,VHQRIKDVTTHNNSAAAVGVF
SGHTFRDNMAMEGARVRYGDE,AGHRYGGNTAQGSSRVHYGNK
SGQTFGDMHLDQSMAMQGIV,VDQSFGKLTAQNKSRAFQGQM
TGTTVKYAETLDQARQFIGNI,PETNVEHGQAKNESRQVIGNI
IGQTFGDLHTDQSMAMQGIV,VDQSFGKLNAINNSRAFQGQM
TGQKIKGVKATNHSSSLAGFI,IDQDISDVTADNWSVAAAGVI
TGQIFGDMQIDQSFAMQGIV,VDQSFGKLSAQNNSRAFQGQM
DGHVFHNNKIGGRARVAQGDL,RRNLYAGNTMTGEAKVLQGNV
SGHTFTENLAMDNSRVRYGDE,AGHRYGGNTVQGSSKVHYGNR
IGHRYSNIDIKGHALTGDL,ASHTYNGLTVGEGAKALIGNQ
AGHQYSNIGIKGQAHTGDA,ASHKYDGIKVEEGGKALVGNK
AGHQYSNIGIKGQAHTGDA,ASHKYDGIKVEEGGKALVGNQ
AGHQYSNIGIKGQALAGDA,ASHKYDSVEVKEGGKALIGNK
AGHQYKNVTIKGKAQVGDA,LSHTYDGVQVDVSGKALLGNS
AGHRYPNIQIKGQAHTGDS,ASHKYDEIKVEESGKALVGNK
GHNSAEFVNLEGSAKFLVGNV,TKNSMRTVSATNQSRLQVGNV
ITGQNTAGYISGKGRTNIGHT,TFNHVDEINLDETARVNIGNT
ISGQNTVGYISGQGRTSVGDI,TSNRVDHVNGGEASRVQIGNT
TGQKIKGVYATNNSSALAGFI,IDQDISDVVADNWSLAVAGVV
AGTTIKYAEAMEDSRQLFGQI,MAVTIERLIAKGRAVQLTGRM
TGDKIKGLTIDGKARVEFGKF,KNRSFDNVKITGDARVRFDDT
SGQDISNVVTLDNSRALVGLP,INQRITDVRTESGSVAVVGVY
TGHHYSNVVIKGKAQTGDA,ASHTYDGVEVENNGKALIGNK
TSHRIHDQTVTDNARVQVGHT,AGIIVDVQNVGGSSRVREGDV
SGHQIGDQSTFDNARVQNGHT,QGMTISIQKTGGHSRVRNGDV
GQNYAKNIQSKEKARVRVGNE,TRNGADSVAARGSSAVHIGNS
GKNHASQVGAHEQARVRIGNE,TSNTADTVDARGMSRVHIGAS
TGQTFGDLQIDQSHAMQGIA,VDQSFGRLTAQNNSKAFQGQM
KQQRIRNVKTSANSVAHVGIF,INQDISDVTTDDKSFAVIGAA
TRQSFRDMQIDQSLAMQGIV,VDQTFGKLSAQNNSRGFQGQM
TGQKIKGVKATRDSTALAGFI,TNQGISDVTAEYRSLAVAGVI
TGQKITKADMSDGGKLLVGLI,VRQEIHDVKATSRGKGVVGMV
GGNRYEAVTITDSAMVENGDY,PGNVYSGIHISGETRVRNGTN
TGQKIRGIRATNDSKASAGFF,FTQDISDVTADGHSIAAAGVF
TNQDIGNVTIAELGYGAVGIS,VKQNIGDVSVGKKSTGFVGIH
FSHVYEENKVSGFARVLYGDQ,PGSRYVENEATDYAKAVYGNQ
TGQKIKGIKATNDGVALAGFI,ISQDISDVSADNKGFVIVGVA
TGQKIKGIKATNDGVALAGFI,ISQDISDVSADNRGFVIAGVA
TGQKIKGVRATDDSTALAGFV,INQDISDVTADKRSFAAAGVI
ASPQYRNFFTGGNARIQAGDE,GEHTYDGMYTSGTARALYGNK
SGRTYQDIDADGEANSHIGRR,QGDVFQRMKFGGKSKSHVGDS
TGQKIKGVKATNDSSALAGFI,INQDISDVTADSRSVAAAGVI
SGQDIKNIITSANSSALVGMP,VNQRISDVRTDGGSTAFVGIF
SGQEIRNVITSANSNAHVGMP,INQRISNIRTDRGSTAYVGVF
SGQDISKVITLDYSKAFVGMP,INQLITDVQTERHSTAHVGVL
TGHRYLKVIIKGKAHMGDS,APHVYEQIILEDNGNIQIGNK
TGHSFKNNKLLGEAKAIYGDV,KSHSYDGNEANNKARAVYGNI
SGQDIRNIITSANSRTYVGMP,INQRISEVRTDGGSTAFVGIF
TGHSFKNNKLLGEAKAIYGDV,KNHSYDGNEANNETRAVYGNI
TAQKFGTMRTDNHSIAMQGIV,VNQSFGNLTTTMSSRAFQGQM
TVQKFGTMLTDNHSIAMQGIV,VDQSFGNMTTTMSSRAFQGQM
SGQEIGKVITLDESRAMVGLP,INQRIEEVRTEKGSHAIVGVF
LKQQIGNTTTENGGKSQVGIP,KSQTIGDTHTGENASSQVGIY
SGHSFGTVFTSDTASIFAGNY,AQHRFENVQTSDQAKAFFGNQ
GRNTAGKITGPGSVNIGNS,TVNHVNEVNTTEPSRVNIGNT
ITGQNTARCISGKGRTNIGHT,TFNHVDEINLDETARVNIGNT
TKQNIRDVKTTGNSIALAGLI,IEQNISQIHTDGHSISVAGVA
SSNAIDQAKVAETAKVKVGNE,TTNRIGDLDAQGRSRVLVGDS
AAQRISDVCATEESTTLAGKF,TGQDISKVHAGQKSFAVAGLA
GKNSAGRITGPGRVNIGNS,TVNHVDEINTAEPSRVHIGNT
GKNTAGKITGPGMVNVGNS,TINHVDEVNTTESSKVNVGNT
SHNFARDIKAADQADVQVGDQ,ANNTVHGLDAKGSAKVQIGSR
SNVQIGNLDVEEMARLQNGDV,SSISVAHLNAKGNARVRNGNV
RGLSIGSIVIEENARVRDGNF,ASIAIASAQVKGNARVMNGDT
MGISVESLVTQDNARIRNGNF,TSISIRSIHARGNSRVMNGNN
GMNYAGNIERDGEAKVHVGDS,TVNMAGDVKAKGKSSVHIGNQ
TGTAVKHAEAFNKARQWIGNI,PPISLDHAIARDEAIQGVGNM
SGQDISDIVTSDNSQALVGMP,INQLIRGVKTEGGSRAIVGVY
GSHKFTGNTVTGEADAQYGDQ,PGHSFVENTASEKAKTHYGNK
GSHSFTRNTVTGEVEAQYGNQ,PGHSYDGNTASGKVKAQYGNR
TGQKIKGIKASQNSSALAGFI,INQDISNVTADNRSFAAAGVI
TGHTYKYLEASNEARMLAGDL,SKNTYEVVLAKDKANIVVGNM
PGHKFLKIVVRGQAQTGNM,ASSQYDSVEVEKGGKALIGEI
AGTMVKYQTTYDNAKLMTGNI,RPVSVEKAEARGQSRMFTGNM
VKNYARNVATREEARVRVGNE,TTNTADEIDAQAKSRVHIGNK
KGHKYSNFVVKGKAHTGDA,ASHIYDGVEVGENGKVLVGNK
STHVYIGNEISGNACVKLGDE,RGNIYHNNTVSGEAFVQFGNT
VKQKIGKVTTEKGSQAEVGIV,MDQTIGDVSTSDGSNAFVGYR
VRNYVREIQGEENAKVRLGND,TRNEAGSVTAKGSSTVHIGNR
VQNFAARVKTSESGKFEIGNI,NTNRVEDIEVKGDSGVHVGDT
TGQTIRDVKATDNSMALTGLV,IEQDISQIAADGRSIAVAGVV
VRNSVKVINSSEDANVRLGND,TRNEADSVFAEGSSVVHIGNR
SGHQYLNVVVRGEAQTGDA,TSHEYKCIEVEKGGKALIGNK
TGQKIKGVKATNNSSALAGFI,IDQDISDVTADNWSIAAAGVI
TGQKFGDLLIDDRSVAMQGIV,VEQTFGKLTATKESKAFQGQM
AGVVLRDIHMSSGGQVMAGFI,ITQDFRNITATSGGKGMFGVI
TGEKITKVEISDGGKLIVGRI,SCLDIHDIKATNHGKGVVGMI
RGQRITGVEISEDGKAFVGKS,FYQEIHDVKATTGGKGIVGAV
AQQKITDVDMSDGGRLLVGLI,VRQDIHNVKATNHGKGVIGMA
GRNSAQEVRMEGSSRFQLGNQ,TINSAGTVMGRGEARIQIGNR
TGQKFGEMKTDDHSIAMQGIV,VDQSFGSLTTTKSSRAFQGQM
TAQQIGNVTTTDESKALVGMP,IDQRLGDVSTTKKSVALVGVY
GSHNFTRNTATDEADAQYGDQ,PGHSYDGNTASGKAKAQYGNR
LKQKIGNTTTAKTGKAQVGMP,QSQTIGDTDTGEGAESVVGIF
TGHLFLNVTVRNQGRALNGDT,RGNVYDGVIIEDNARVHNGNQ
KGHKYSGLDIKGKAQVGDA,HLHTYDTVIVGESGKVLLGNE
KGHKYSGLDIKGKAQVGDA,HSHTYDTVTVGESGKVLLGNE
TGHFFLNVTVRNQGRALNGDT,RGNVYDGVIIEDKARVHNGNQ
GKNYAKEIRSEEMARVLVGNV,VSNTADSVAAKGRSAVQIGNQ
TGQRFGDMLIEDRSMAMQGIV,VEQTFGKLTATKESRAFQGQM
VTNVAENIKVGQEARAHVGNV,TNNQGGNAVVAEKARFMVGNV
GRNSAKDVRMGGHARVHILIR,TINSVKTVVATGESGIQIGNT
GRSSAKSISTEDDARVQVGSV,TINSAETVFARGRSGVQIGNT
LQEKFGAMRTDNDSIAMQGIV,VDQSFGSLTTTNNSRAFQGQM
TGQKFGAMRTDNESIAMQGIV,VDQSFGSLTTTNNSRAFQGQM
TGQKFGAMQTDNDSIAMQGIV,VDQTFGSLTTTNNSRAFQGQM
GRSSAKSISTEDDARVQVGSV,TINSAETVFARGRSRVQIGNT
ASNTIDNASVTDDAKVRVGNE,ATNKIGDLDAQGNSRVHVGDS
RSHRYVNVVARNGAKAMMGDY,FCHVYHGIQVDDEARTHLGNI
GSNSTGNVTLEDAARIHVGNV,TRNTVGVVSAKNDSRIQVGTV
GKNSARDITMEDKARFHVGNV,TKNSVETISAKSETRVQVGNV
GKNSARNVTTEDKVRFHVGNV,TINSVETVSAKNESRVQIGNV
GSHNFTGNIVTDKAEAQYGDQ,PGHLYSGNTASEEAKTQYGNK
HAQNIQDVKAIHDSTALAGYI,IDQDIRHVTADTRSVAVAGVV
AGHQYRNVTIKGKAQTGDS,AFHIYDGILVDKTAKALVGNK
AGHSYIRTQNKGKTRALMGDE,RKHAYVDTTNSDDARVLMGNR
SDHDIGHVVTSDNSRALVGMP,INQRIAGVRTDGGSRAVVGVY
RHVHLRARASGSARIYQAGRDQHITER,MEGRASGSARIYQAGGDQYIEE
RDVHLRARASGSARIYQAGRDQHITER,MEGRASGSARIYQSGGDQYIEE
RHVHLRARASGSARIYQAGRDQHITER,MEGRASGSARIYQTGGDQYIEE
VHLRARASGSARIYQAGRDQHITER,MEGRASGSARIYQSGGDQYIEE
RSVHLRARASGSARIYQAGRDQHITER,MEGRASGSARIYQTGGDQYIEE
GSLVMKAKASGHGRVYQAGRDQTIHER,MKGRAFGHGRTYQAGGDLTVHE
SIELRAAARDHGRVYQAGRDQHITER,VSLRAGAHDGGRIYQAVGDQYIYE
RTVQMHAEASGSGRVYQAGRDQHITER,QGRASGQGRVYQARGDQHVTEH
QIHLRARASGSARIYQAGRDQHITER,MEGHASGSARIYQTGGDQYIEE
TIHMRAEASGSGRVYQAGRDQHITER,HASGHGRVFQSAGDQHITEH
QIRMEARASGSARIYQAGRDQHITDR,MEGHASDSARVYQTGGDQYIEE
LVQSARAEGRSQVNQSGRDLTIHQ,VRQDARAEFGSEVNQAGGDLT
RQITQHATASGQGRVYQAGRDQHITER,HAEDHGRVYQARGDQHITEH
GEIRMTAEASGSGRVYQAGRDQHITER,RASGQGRVFQTGGDQYIEE
PSVTQHATASGYARVYQAGRDQHIDQ,ARADGYGRIYQASGDQHIVE
GEIHMTAEASGSGRVYQAGRDQHITER,RASGQGRVFQTGGDQYIEE
GEIHMTAEASGSGRVYQAGRDQHITER,RASGQGRVFQTSGDQHIEE
GEIRMTAEASGSGRVYQAGRDQHITER,RASGQGRVFQTGGDQYIQEH
RHVTQHATASGQARVYQAGRDQHITER,MDAHAEDRGRVYQASGDQHINEH
GEIRMTAEASGSGRVYQAGRDQHISER,RASGQGRVFQTGGDQYIEE
QVQMTATASGHARVYQAGGNQTIRE,AVAHGHGRVFQADGDQHITEH
RQISQHATASGQARVYQAGRDQHIAER,HAEDQGRVYQARGDQHINEH
IRLQARASGSARVYQAGRDQHITER,MEGRASDGARVFQTGGDQYIEE
TIHMRAEASGSGRVYQAGRDQHITER,RASGHGRVFQSAGDQHIAEH
QITQHGTASGRARVYQAGRDVHIHER,MDGHAEDAGRVYQASRDQHISE
IRMEARASGSARIYQAGRDQHITDR,MEGHASDRARVYQTGGDQYIEE
RQTTQHATASGQGRVYQAGRDQHIVER,HAEDQGRVYQSRGDQHINEH
RQITQHATASGHGRVYQAGRDQHIAER,HAEDQGRVYQARGDQHITEH
PTVAQRATASGSARVYQAGRDQHITER,RAEDNGRVYQSQGDQHITEH
RRITQRATASGQGRVYQAGRDQHIAER,HAEDHGRVYQSSGDQHINEH
ITQHGTASGRARVYQAGRDMHINER,MDGHAEDGGRVYQSSRDQHISE
TVSQHATATGHSRVYQAGRDQHIAER,RAEGNGRVFQSARDQHITEH
IRLNAEVSGSGRVYQAGRDQHITER,ARASGQGRIFQTTGDQHIQEH
RQISQHATASGQARVYQAGRDQHIAER,HAEDQGRVYQSRGDQHISEH
VTQRATASGHARVYQAGRDQHITER,MDGHAEDRGRVYQASGDQHINEH
RQITQHATASGQARVYQAGRDQHIAER,HAEDQGRVYQSSGDQHISEH
PSVAQHATASGSARVYQAGRDQHVSER,TQDGRADGEGRVFQAAGDQHITEH
VTQRATASGHARVYQAGRDQHISER,MDGHAEDRGRVYQASGDQHINEH
QITQNGSASGRARVYQAGRDMHINER,MDGHAEDGGRVYQSSRDQHISE
RQITQHATASGQARVYQAGRDQHIAER,HAEDQGRVYQSRGDQHISEH
GEIHMTAEASGSGRVYQAGRDQHITER,RASGQGRVFQTSGAQHIEE
SVQMHAYATGNGRVYQAGRDQHIQE,MTLRAQASDQARVYQAGRDLYVNE
PTINIPDRADDQARRYITGHDQQTTVR,PQVRIDTHADGQARQYIAAGDQHIHQ
PSVAQHGTASGRARIYQAGRDMHINER,MDGHAEDGGRVYQSSRDQHISE
DVRLSAEVSGSGRVYQAGRDQHITER,ARASGQGRIFQTSGDQYIQEH
RRITQHATASGQARVYQAGRDQHIAER,HAEDHGRVYQSSGDQHISEH
RRITQHATASGQARVYQAGRDQHITER,HAEDHGRVYQSHGDQHISEH
DVRLRAEVSGSGRVYQAGRDQHITER,ARASGQGRIFQTSGDQYIEE
GDVTVSAEAAGNARIYQVGQgGMTVHER,IRQQAIAADNARVYQVG
DVRLRAEVSGSGRVYQAGRDQHITER,ARASGQGRIFQTSGDQYIQEH
PAVTQHATATGQARIYQAGRDQHIGEQ,MDGRADSQGRVYQASGDQQIIEH
PVVTQHATASGNARVYQAGRDQRIEER,MDGRAHRQGRVYQASGDQHITEH
TVSQHATATGHSRVYQAGRDQHITDR,RAEGNGRVFQSAGDQHITEH
TVSQHATATGHSRVYQAGRDQHIAER,RAEGNGRVFQSTGDQHITEH
DIRLHAEVSGSGRVYQAGRDQHITER,ARASGQGRIFQTSGDQYIQEH
RSVVMRAEAHDNSRVYMAGRDQYITE,IEVHAHDQSRVYLANRDLH
PVVTQHATASGQARVYQAGRDMH,ANGQGRVYQASGDQHIIEH
RQVTQHATASGQGRVYQAGRDQHITER,MDGRAEDRGRVFQSSGDQHINEH
TQHATASGRARIYQAGRDQHISER,MDGRADSSGRVYQASGDQHIIEH
RTVVMRAEARDSARIYMAGRDQHITE,MDGHAEGEGRVYQALGDQHISEH
RTVVMRAEARDSARIYMAGRDQHITE,MDGRAEGEGRVYQASGDQHISEH
TVTQRATASGSSRVYQAGRDLTI,RASDQGRVYQASGDQHIVE
IRLNADVSGSGRVYQAGRDQHITER,ARASGQGRIFQTTGDQYVQE
PAVVQRAEAAGSSRVYQAGRDLHIG,RATGHGRVYQAAGDQHVTEH
GGVQQQATASGNARIYQAGSSLHVTER,MTGRADGQGRVYQALGDLHIVE
TVQRADASGEARIYQAGRDQHIAER,MDGHAEDRGRVYQSSGDQHISEH
DIRLNADVSGSGRVYQAGRDQHITER,ARASGQGRIFQTTGDQYVQE
PSVAQDATASGQARVYQAGRDMRIG,LRAAAYEQGRIFQAERDIQITEH
PAVTQRAIASGHARIYQAGRDQHITEQ,MDGRAQNDGRVYQTTGDQHVTEH
TVTQRATASGSSRVYQAGRDLTIDQ,RASDQGRVYQASGDQHIVE
TQQATASGEARIYQAGRDLHLDQR,AEGQGRVYQASGDQHITEH
SQRASAAGNAKIYQAGRDLRITER,RAEGDGRVYQSRGDQHITEH
TVSQHAAATGHSRVYQAGRDQHIVDR,RAEDNGRVFQSAGDQHITEH
PTVTQRATASGSSRVYQAGRDLNVDQR,RATEQGRVYQASGDQHITEH
GSVVLRAEARDQARVYLAGRDQHFT,QARDSGEIYAAAGDMHI
ARASGSARVYQAGRDQHITER,MEGRASGSARVYQTGGDQYVEEHVHH
HDHSRVYQSAGDMTINE,HDASRVYQAQRDIVIGETSV
HDHSRVYQSAGDMTINER,AEAHDASRVYQAQRDIVIGETSV
AHASGSARIYQAGRDQHITER,RTVAEGSSSVYQAGGDQIIVDYSV
AHASGSARIYQAGRDQHITER,DRARWNSAARDQYIVEIGHQ
MTATAHDSSRIYQSAGDMTINE,HDFARVYQAQRDIVI
VNNTISGGTQNGPVLQGRDFS,NAISGGVFFQQVIQGRDIT
VHNEIKDGRFDGFVIQVGNV,VHNEITGGVFFAPVIQGQ
VHSTISGGTQYGPVLQGRDFS,NAISGGVFFQQVIQGRDIT
VHNHISGGTFHAPILQGQSFS,NEISGGVFFSTVIQGRDIT
VHNEISGGTQETVIQGGDFS,VRNSIAGGTVHGPTVMAGAVH
NHNTISGGHYNAPVIMAQWVN,RNDFSGTSHGPVVQA
VHGSVVQARDVHGGIHF,VQARDVYGGVHF
VGGNLVQARDIQGGISF,VGGQVIQARDIGSVTF
VSGPVVQARDIRGGISF,VVQARDVYGGVHF
KVVQLRDVQGNISL,DKVFQARNVYGDVHF
QYGHVVQGRDFSG,VVQARDVTGGIHF
QYGHVLQGRDFSG,VVQARDVSGGIHF
VSGTAIQGRDFHGPITF,VVQARHVSGGVHF
NIGSQHNHGSGTFIGGDNHGGVTVTGG,QHNHGSGTFIGGDNYGGIHFE
QVQRNEGSGTFIAGDVIGGLTINHD,QHNHGSGTFVGRVMGDVTINYG
NTNSGTATNLIQARDVHGDISF,SGTARDVVQARDVRGGIHF
NTNSGTVTNLIQARDVHGNI,SGTARDVVQARDVQGGIHF
NTNSGTVTNLIQARDVHGNISF,ISGTARDVVQARDIQGGIHF
NQFNGPVGKNAYIDTVHGDLRL,NTFHGDVEKAVQIGAVH
NQVSGQVGGNVVQARDIqGG,NTISGSVTGSVVQAGTIG
NTISGDarVTGPVLQAGDVHG,NELSGQVTGGVVQAGNIGTVN
GTVQGHVVQARDVHGGI,TGAGDVVQARDVHGGVHIH
GGTQSAVVQARDIHGGVSFR,SGTSGDVVQAGSVHGGIHFH
GRVTGPVVQARDISGGVHL,SGRSAAVVQAGLIQGDVHLR
GVQHGTVVQAHRIDGGVHI,SGSTSSSVQAQTINGPVHI
GTVHGQVFQLRDVQGGLHF,GDVAGVAFQTGVNHGGIHVH
GQVGGNVVQARDIQGGI,SGNLVQAEIITGDVHFH
GQAGRVVQLRDVHGDVNI,GRIAGSSVQAGSIAGGVHIT
GPVIQTRTINGD,GAVFGHLVQVGTLQGDIAIR
GRAGKVIQLRDVHGD,GTIAGSSVQAGSIAGGVHIT
VQLRDVHGDINI,GRIAGSSVQAGSIAGGVHIT
VNNTISGGTQNGPVLQGRD,VPNLISGGIFFHAVIQGRDITV
VHSTISGGTQYGPVLQGRD,VPNLISGGIFFHAVIQGRDITV
GTVHNTISGGTQHGPVLQGRDFSGL,GRVNNTISGGFfFHAVIQGRDI
GGVANSVSGTVSGKVVQARDVHGG,NVVSGNVEGIVVQAHTVEGG
GDVHNRISGGTQHGPVLQGRDFSGL,GNVSNAISGGVfFHEVIQGRDIT
GDVNNTISGGTQNGPVLQGRDFS,GNVSNAISGGVFFQQVIQGRDIT
GNVDNSVTGGRQGTVIMGRDFHG,GDVHNVFSGGSATyVIQGRDFG
GDVHSTISGGTQYGPVLQGRDFSGL,GNVSNAISGGVFFQQVIQGRDIT
AVTNTVSGQVTGPVVQARDISGG,GRVDNDFSGRSGAVVQAGLIQGD
GEVHNTISGGTFHGPTLQGQTFS,VENQISGGVfFHAVIQGRDIT
GSVHNSITGGTVHGAVVQGHTFSGL,HNELSGTVHGVAVQAGVVHGD
AVTNTVSGQVTGPVVQARDISGG,GRVDNDFSGRSGAVIQAGLIQG
GDVTNDFSGTAEKVVQARDISGD,AVRNDLSGTVTGPVVQSAAIHGG
DVSNSIGGeARISGPVIQAGDVQG,VHNDVTGVVHGPLVQARDVFGG
GDVRNSVSGGNQYGPVLQGRDFSGL,RNDLSGTVFGPVVQAGTVKGG
TNNVSGGTQNAPFVQGQRFSGG,SGHVYGPSVQAQRIHGG
SVTNSISGGTQNGPVFQGQTFS,NELSGIVNGPVVQAGTIHGG
SVSNSVSGGTQYAPVVQGQNISH,NDLSGTTYGPTVQAGAIHGG
SVTNTISGGTQHGPVLQGEKFS,SGTVNGPVVQAGTIHGG
HNTISGGHYNAPVIMAQWVNDG,RNDFSGTSHGPVVQAAAIHGG
HNTISGGHYNAPVIMAQWVNDG,RNDFSGTSTGPVVQAAAIHGG
VTVNNSTNGGTYYGQVIQGHDISGL,SGTVHGPVVQAATIHGG
SVTNSTNGGTYYSQVIQGHDISGL,NGTSHGPVVQAATIHGG
TVHNNISGVIQNGPAIQGQHFS,HNNLSGRAETVVQAGHIG
VTNTVSGDVSGSVVQARDVHGGI,SGPAdlVQARDVYGGVH
VANSVSGDVHGSVVQARDVHGGIH,SGPAelVQARDVYGGVH
VANSVSGDVHGSVVQARDVHGGIH,SGPAdlVQARDVYGGVH
VANSVSGDVHGPVVQARDIHGGI,SGPAelVQARDVYGGVH
VVNHFSGTAGKVVQARDVQGDIT,NEQSGNVSGLSVQAGVIHGGVH
VTNIVGGNARidGGLLQARDVHGSIT,LSGRVEGPSVQAGSIHGGVT
VHNSISGGTqNGPVLQGRDFS,NSLPGNVDGQLVQAGVVNGAIT
GTAekvVQARDVRGDIV,NEQSGSVTGLSVQAGAIHGGVH
VHNNISGViQNGPAIQG,SGNVYGPSVQANRIHGGIT
NTFHGPTAFQTGANNRQVNHF,NSFHGPTAFQVGNNNQQVNHF
VDARGAQGVQIGDHGTQNNDF,VDARAAQGVQVGDGGVQVNYF
VDASQAKGVQIGDYNTQTNTF,VDASHAQGLQIGEGNTQNNTF
VDVHDNKGVQVGDGNTMT,DVRHNTGVQVGDGNTQ
VDLRDAKGVQVGDGNVQINRF,DARGLQVGTGNTQINNF
NTFHGPTAIQTGDDNRQINHF,NTFHGPSFIQTGAGSTQHN
VDAREAQGVQIGEHNSMT,VDARYGQGIQIGDHNTQHVH
VNVRDSQGVQIGDGNTMTLNF,GAQVGNHNTQHIN
VEGSAAFVIGDKGRQDNRF,GDHNVQNNYF
VDASRAKGVIIGDHGVQHNTF,LRDARGMVIGEHNT
TISIGKQINVDQSGTGNTQTNTFN,EINIGQGGTGNTQNNTFN
KQINISQAGTGNTQHNTF,IDKQINIQQDGQGNVINNFF
TFRGPTAFQIGDGNQQDNHF,VFEGPLAVQIGDHGVQNNYF
VRDNQGVQVGDHNTQTNTF,HNLGAQVGDNNVQRNTF
NKGVQVGDHNTQTNHF,DVRGNLGPQIGDHNTQHNT
KQITVTQAGTGNTQTNTF,IDKLININQDGKDNTQNNIF
GSTFHGPTAAQFGDHNTMRNTFG,GSTFFGPTGAMWGDGNIQNNTF
GNTFNGPTALQIGDHTTQTNTFG,GDVFHGPVAGQLGDHTTQYNSF
GNVFHGPAAIQVGDRNRQDNHFG,GNTFYGPTAINLGAGGVQNNYF
GNVFHGPAAIQVGDYNRQDNHFG,GNTFYGATAINVGAGGVQNNYF
GNVFHGPAAIQVGDYNRQDNHFG,GNTFYGATAINVGAGGDQNNYF
SGGNVSQEAITDVKVGGNLKIGNVDQ,KKIIQKAISDIVVHGNLTVGDITQ
QDATIRQVVLSDIEITEGLTVKDLTQ,DSEVVQVKLENLQVGGNITIKDITQ
KSNETINQIVLKGVEVKGKAKVGDINL,ILQSILQNVQVGGNLTTGNITQ
VEQTMLKNVKVTGDIDLGDLSQE,QPQINQSILNNVNVGGNLTTGDI
KRAGSVEQEMVKGVKAINIDLGNLNQE,QKIFENVQAEGNITVGDITQ
TRDGSVEQEMLKGIKATNIDLGNLNQE,VVQRILENVWAGRDITIGDIHQ
EAVTDSKIGEDLTMGDVNM,QKVFSNVSVGGDLTAGDITL
NVNTGNISAGGNVSIGD,NVNTGNIFAGGNVHIGDINVNDN
QVILSGIELTGDLKAGDITQ,QKIFENVQASGDINIRDIYQTVN
SQSSGQKTYIKTIEKIVNFSQRDIN,KIVNYAQGDIN
SQSSGQKTHIKTIEKIVNFSQRDIN,KIVNYAQGDIN
SQSSGQKTYIKTIEKIVNFSQRDIN,KIVNYAQGNIN
ILAMPNLAKLADKIGQVVMPGGTGNI,KFADKIGAFAAPGANVNI
EKLADKIGMVVMSGGTGTINTMN,MNDNFSKLADKIGAVALPGGTVQVNTQN
ENPNKLAEKIGMVVQDGGKVDIQTFN,IHHEPNKLADKVGIVALEGSAVNIGTFN
GKLAEKIAVVAQGGTTNINTIN,MKEQPDKIAEKIAVFAQGGTVYIDKIII
KLADKIGQVVMPGGTGNIQNQ,MFNDSGKLADKIGAFAAPGSQVNIDTQI
KLADKIGQVVMPGGTGNIQNQ,MPEDSGKFADKIGVFAAPGAQVNIGTQI
KLADKIGQVVMPGGTGNIENQ,MPEDSGKFADKIGVFAAPGAQVNIGTQI
KLADKIGMVVMSGGTGNIGT,MPEDFKKLSDKIGQVIFPGGKGVIENLV
EKLADKIGQVVMPGGTGNIQNQ,MPEDSGKFAEKIGAFAAPGAQVNIGTQI
KLADKIGQVVMPGGTGNIQNQ,MPEESGKFAEKIGVFAAPGAQVNIGTQI
EKLAEKIGQVVMPGGTGNIEN,MSEELGKFAEKIGVYIAPGGQASIGTQI
EKLADKIGQVVMPGGTGNIEN,MPKDSGKFADKVGAFAAPGSQVNIGTQI
KLADKIGQVVMPGGTGNIEN,MPEDFGQSIKKIGVYVAPGGQASIGNQV
EKLADKIGQVVMPGGTGNIEN,MPEDSGKFAEKIGAFASPGAQVNIGTQI
VTITASGERSIAAHTIGTAVT,TFQAIGAGSVAAHHIGTAIT
VTITASGERSIAAQTIGTAVT,TFQAIGAGSVAAHHIGTAVT
TSGERSPAVHTNYGTIHTGDTT,TSGARSPAVGTNHGAIFTGDTTV
ASGERSIAAGGNIGVAITGDG,ASGERAIAAGESIGVAVSGDNAR
ASGQGAVAVQHNSGIISTG,ASGDRAVAVGHNQGIVSTGDGAV
GERSVAVgGDNSGTISTGDGA,GARSVAVaGDNHAHIFTGDGV
GERAVAAGTNTGIIQTGDNAR,GPRAVSVdGSNPGIIQTGDNV
ASGERSIAAQHITTAITGDNA,ASGERSMAAQSIGLAVSGD
ASGERSIAAQHIGTAITGDG,GPRSIAAGQIGNAYTGD
ASGERSIAAKTIGTAVTGD,ATGFRSVAVGGDVGVAITGDGAR
ASGERSIAAKTITTAVTGDNT,ATGPRSVAVGGGVGVAITGDGAQ
AAGERSVAVRDNRGIVQTGDG,GSGRRAAVLHTNQGVVQTGDNVR
ASGERSIAAKTIGTAVTGDNT,ATGARSMAVGGDVSVAITGDGAR
ASGERSIAAKTIGTAVTGDNT,RSMAVGGDVSVAITGDGAR
ASGERSIAAKTIGTAVTGDNT,MAVGGDVGVAITGDGAR
VTASGERSIAAQHIGTAIT,LCIETAGPRSIAAKEITNAYT
VGDGGLAVGGDL,PHVVQASHHGVAVG
PHIVNENWQGINFKNANPTISGNTFNF,NENWQGINFKDSNPIIQGNNFNF
VLNENWQGISIKGGINTIQYNNFNF,INENWQGINAKGGINVIKDNTFNF
PTIINENWQGINIKGGTNTINNNTFNF,ENWHGINIKGGKNEIKGNTFIF
TTVIENWQGINIKGGKPIIKNNTLNF,SENWQGINIKGGEPTIKDNT
PNIVNENWQGINIKGGTNTITGNTLNF,INENWQGISIKGGEVEVKDNTFNF
WTIENWKGINIKGGENTISGNTLNF,TTEDWRGINFKdvkdGGNVHIHDNTFVF
QGVITTGGQTTVKGSTFNFGSK,SNENLQGIITQGGKVIVQDSTFNFGSSQQ
QNTAERQYNNYGRDQFNIETINGDPKLGG,SRQYESHGRDQFNIETLKGD
QNNSSREYNNYGRDQINIETIQGNPKIGG,SRQYDNYGRDQYNIEN
QNNSERQYNNYGRDQINIGNITGDPKIGG,TRRYDNEGRDQINIEN
QYQSQQVNANYGRDQFVINQPSGDLKLGG,TSQNTNYGRDQFIIYEPMG
QTVDNREYINYGRDQINIDKIDGDNTRIG,SREYKNDGRDQIPIEHLTGNVYIG
KPGDNIQVNANAYNDSTVKQ,NIEMNVTASGDSKVTQ
MTQNNSDNAKGWQTKVEGGTAYI,LIQINEGNAKGFQTLVTGGIANI
MTQINQDNAKGWQTKVDGGTAYI,MKQENKDNAKGWQTEANNSNVYN
QNIIGDHAKGWQTKVEGGTAYI,DQHIHDQGKGYQVEVKGGTAYI
MIQNNSDNAKGWQTKVEGGTAYI,LVQINKGDAKGFQTLVTGGIANI
MIQNNADNAKGWQTKVEGGTAYI,LVQINKGDAKGFQTLVTGGIANI
MTQNNSDNARGWQTKVEGGTAYI,LIQINEGNAKGFQTLVTGGIANI
MIQNISDNAKGWQTKVEGGTAYI,LVQINKGDAKGFQTLVTGGIANI
MVQNNYDNAKGWQTKVEGGTAYI,MQQDNRDNATGFQIDADNSTVYA
MTQINQDNARGWQTKVDGGTAYI,MSQENSGNAQGFQTQVHDGGTAY
MTQNNYDNARGWQTKVEGGTAYI,LIQINQGDVTAFQTLVSGGIANI
MTQNNYDNARGWQTKVEGGTAYI,VIQSNSGNAIGFQALVEDGGVVN
IAMNATAYDNSTVKMVGKIEADTV,NEINLSATAQDQSKVNLIGKIEAKTVIVS
NIQVNANAYNDSTVKQVGKIDANQV,NNIEMNVTASGDSKVTQVGQINAAEV
NIQMSANAYDNSTVKQVGKIEAD,NNIEMNVNAFGDSKVTQIGQLNAQQV
NIQMSANAYDTSTVKQVGKIEAD,KSIKLEGTAQGESKLIQVGSVETENLNLT
NIAISANAYDNSSVKQVGKIEANEV,KIINLEGTAQDESKLTQIGHVDTENFHLT
DNTMNNVSGSAERVVQGRD,DNTQSEMSGSARDVIQARD
NINSGTVGHDSYQAQTINI,NDSSGPVGGNLYQGHTITV
QGAGSEVWNVIGKAEKNEFIDNKAPIIKDSSGTVTINY,KNASSESWNVAGNAQKNIFEGNTAPIIKDTSGNVTINY
RTAFDQRGQTVHGSQTNIAGNVNRP,KSRFDQRGQKVIGQQINVAGDATLP
VVVSGGKVGIVGDHGHV,VNISGGTVGAIGDHNQV
ESAQPTGDNIQISGESYDNSTFKQVGKIEADEVN,ETNSPSPKSIKMEATANDESKLTQVGHVDAENFN
NAISNVRQEVIATNNSSIKGVRQ,NEKTSLDQKIIATNGSHIENVNQ
SVIQRVLANSNSKIEDVEQ,SLDQKIIATNGSHIENVNQ
QDSVIQRVLANSNSKIEDVEQNAISNV,ENSVKEKIVATNGSSISDVTQIGVQNI
SNVRQEVIATNNSSIKGVRQ,NSVKEKIVATNGSSISDVTQ
EFHGQVGSAVVGDTAHVEVTVHKPGP,EFHESVEVAMIGDHNTVTVHRHAP
GPKYRTEFHGQVGSAVVGDSTHVEVTVHKP,GPEHVEFHESVEVAMIGDHNTVTVLRHAP
QTISGNNNLVQNMAGNGNKAIGTVGGNATIN,QTISGNDNVVQNIKGDNNIIVGRVEGSLTIN
MNVYGGKAYQQNQNQGKIYNADTITIHE,MSNSSNKAYQQNHNQGQINNADIIIIYK
VQISGGKVQGLTQQNTGTINQSF,VNIYGSNIQGFIQENNGTVSQYF
SVQISGGKVQGNIQGNQGDIGNINQTFN,SFETSGDNLQGNIQGNQGNIGDINQTYS
KAYQQNQNKGKIYNADQITINE,KSYEQTGNKGRIYNADQITINE
NIQNNGNVYGQNIGDHQTITQHF,NVRNNSSVYGQNNAELQEITQTF
AVLAALAGGVGGEVGRQAWLALTTMVRRPFQRSAAPEEVEISSGEAELELLAQAPADPLRAQALA,AMLGAVGAGMGNEAGRNAYLMIGGLARRIAGREVPAPERPAEWEGLARLLYEGALRSPEHARGLA
MDPISAAVLAALAGGVGGEVGRQAWLALTTMVRRPFQRSAAPEEVEISSGEAELELLAQ,LELISLATVTAMLGAVGAGMGNEAGRNAYLMIGGLARRIAGREVPAPERPAEWEGLAR
KAVSVTQTVTGDQNIIIGDASGSFTITQD,KTSQVHQQVTGDRNPVIGVIETDSRVTID
TGKATATDGGHAVTGV,SGNAVADNGGIAVSGI
GRVYGGDHVDFSRGTFHGPVTG,GRLYGADHVDFSSGTFHGLVAG
GNQHAHAEGQAQQAVQYSGTQTNTF,GQQVAQALNSAQQAAQHSGVQVNTF
TVIDEVHEEVVRNPEGDLSAQRERLRDLLREAMTEDFRVAEELLGLIRE,TFIGALQAKSVASAAPPIALPQRRIPPAFLRGRTETLRLAEEQLVRARE
ITGNVQGMATGDHQHVEM,IHGPVQGLVVGDHNRVEI
EKIVNFSQRDININEQNI,QKIVNYAKGDINIKQQNI
PSGGVAAGRVTVHATASGHARQAVQGQGEQHNTF,PAGEAPGAPVTVGMDASASGRAQQAVIGQGVQHNHF
GNSYGGDHIDFSHGQFQGPVTGKSVHH,GPSYDGDHVDFSGGSFHGRVVGTEVYH
DHVDQRGAQARRDVIGTQNN,DHVDQRGAQARRDVIGVVNN
SVQISGGKVQGNIQGNQGNIGNINQTF,SFETSGDNLQGNIQGNQGNIGYINQNY
NTMTVTGDGNYSFQGISNSNIN,NSANIQGEHNNTFQGITNSTIH
QSTHNDFSNATFTDSQVLGSGTQNNTIN,QRTGTSFAGASFERSQVLGSGTQTTKIN
TGTAKATNGATASTGVVRPGGTGPGSATAEHTGDATADGTNSKASTGV,TGDAHAQDGGTAVSGYQGPAPSGEGTPMSTQATNTGNATATGDGAIANTGI
TGTAKATNGATASTGVVRPGGTGPGSATA,TGNATATGDGAIANTGILTIRRSSPQKPAA
QSIIGNYNAQADRGSTAEVRVN,QFISGNFNAQADHGSSASVYIN
GKFNVQISGGTVQGLTQQNTGTINQNF,GDNRVNISGGNVQGFIQENHGTVTQNF
VNVSGTRAIGAQHIGIAASGDNTTI,MNVSGERPIGAESIQVAVSGDSTRV
FIAGGNATQYNAPGGSITV,FEARDRSTMFNAPDGTINV
AARADELASVLRLRAAQDPEFA,AGAADALAEKLRVRYRRDERWA
PERPAAQGTGARSVSVTDNTGIISTGDGATNTLF,PAPTPARSSGESAITVGDVSGILSIGDHNVNLLF
NQVRSIHAEGQARVHVGNSY,GRNSAKDIRTEKRARVQLGNV
NQVRSIHAEGQARVHVGNSY,TTNSVETVVGKGESKVLIGNEYGG
SFGDNNSGFQAGIINGAVNTNFY,SFGSQNSGFQAGIING
NNSGTGTQNNNSGAGRQYNAHTITIV,NNTGSGTQNNNSGDGRQYNAQTMNF
VQSLNASGSSRVHVGNSY,STVNHVNEVNTTEPSRVNIGNTWGG
MTFGDGNRGVQVGHSNAPIQATF,TMSFGNHNEGVQAGISNAPITYSR
SNSLQSLSVAGTSRVQVGNNYNT,SNRVDHVNGGEASRVQIGNTYG
GPISGHNVVAGMQVSGG,VFRGPISGHNVVAGLTTTGGT
FNATNHGLQIGNNSGSITAEFH,GSHNSGLQLGQNVGT
SSFGGPISGRNVFAGTSVAG,GPFFHGPISGRNVVAGMSTSGNTNQ
FSVSGGIQYNNTGNGNQFLGSQFHG,FNASGGTQHNNTGAGNQFFG
STVQSLNASGSSRVHVGNSY,STVNHVDEVNTAEPSRVNIGNTWGG
FNVSGGIQYNNTGNGNQFLGSQFHG,FNVGGGTQHNNTGAGNQFFG
STVQSLNATGSSRVHVGNSF,TINHVDEVNTTEPSRVNIGNTWGG
FNVSGGIQYNNTGNGNQFLGSQFHG,FNASGGTQHNNTGAGNQFFG
NNDGDGSQYNNTSTGRQYVADQINITEN,NNAGSGKQFNNTGGGRQYQA
NQYNNDGDGSQYNNTSTGRQYVA,GTGSQFNNADSGTQNINTGSGRQYVA
LYGTGIQHAGSG,FYGTGIQHSGSGNFSVGND
NNEGDGSQYNNTSAGRQYVADQINITEN,NNAGSGKQFNNTGSGRQYQA
NKYNNEGDGSQYNNTSAGRQYVA,GTGSQFNNADSGTQNINTGSGRQYVA
MNSLGHATVGDNGRLQVGNNY,VRIYAKDIKSEEMARVRVGNEWSE
FNTVGGPQYNNTGSGAQYI,QNNNTGSGN
TNLVRDVNADGESRIQVGNNYTE,AGRNFTKDIKSEEMARVRVGNEWSE
SLNASGSSRVHVGNSY,TVNHVDEINTAEPSRVHIGNTWGG
FRGQGLQQSGSGTITVGGN,FSGVGIQQTGSGTISFGRD
GPSFGGSISGRNVFAGTSVAG,GPVFHGPISGRNVMAGWSTRGNTNQ
FHGQGIQHTGPGSF,FHGRGVQHTGSGSFSIGGN
SNAVGDLRIEGHGRAHVGN,GKNSARNVTTEDKVRFHVGNVVS
SNAVGDLRIEGHGRAHVGN,TINSVETVSAKNESRVQIGNVYGG
SNIVESLDADGSSKVQVGNN,FNHVDEINLDETARVNIGNTYGG
NSAHTVNASDSSRVHIGNN,EGHNSAEFVNLEGSAKFLVGNVFSE
HTVNASDSSRVHIGN,TVSATNQSRLQVGNVYG
NLNNTSSGKQYNNVGNGSQYNAE,NNFNSNGTGSQYNNTGNGPQY
SSVQSLNASGSSRVHVGNSY,TVNHVDEINTAEPSRVHIGNTWGG
SGDNNRGFQQGINYGKIY,SGNNNSGFQSAINYGTIN
FHGHGIALSGAGNITVGGD,FHGKGIQHTGSGNFSVGND
SGDRNQGLQVGISSGTINN,SGSNNSGVQLGHNTGTISG
PGGTGHQSHFSGQGQQISTGGDIINHY,SGGTGHQSHYSGQGQQINTGIGSITNY
QDIRYVSVLQGSRAYIGTF,SKRSGQEISNIITLDNSKALVGL
FSGQGIQNCGSGNFSVGRD,FEGTGFQNVGSGNISIGGN
TSSTVQSLNASGSSRVHVGNNYS,TINHVDEVNTTESSKVNVGNTWGG
NSIASLWVKGHGRVQVGNSYS,TNKIRDLDAQGRSRVLVGDSHGT
SNQDISGVSITDHSRAAVGTF,SERTGQDIGNIRTSDDSRALVGLP
RDVARSQFGDNARINLGDIHYH,TIANNQFGNDVRII
SSVQSLNASGSSRVHVGNSY,TVNHVDEINTAEPSRVYIGNTWGG
WGNGFNVSGGTQYNNIGSGNQFLGSQFHG,TGHIFNVSGGTQHNNTGAGNQFFG
STNRVQHVNAHDQSKVQIGDNYYN,HNEADSVTAKGSSTVHIGNQYG
SSFNSYGSGSQYNA,SSFNNYGPGDQLNA
STSHVQLLNAHDQSKVQIGNNYYN,HNEADSVTAKGSSTVHIGNIYG
NSLRNATISGNGKLQVGDNYTT,TNKIGDLDAQGRSRVLVGDSHGT
SISVQSLTAAESSRVHVGNNYS,TTNYVNEVDTAETGRVNIVNTYGG
GNTLQSLSVAGASRVQVGNNYNT,NHVDEINLDETARVNIGNTYG
SANSAHTVNASDSSRVHIGNNNY,NSMRTVSATNQSRLQVGNVYG
NSAHTVNASDSSRVHIGNN,EGHNTAEFVNLEGSAKFLVGNVFSE
NNDGDGSQYNNTSTGRQYVADQINITEN,NNAGSGKQFNNTGSGRQYQAEVMHF
NNDGDGSQYNNTSTSRQYVADQINITEN,NNAGSGKQFNNTGSGRQYQAEVMHF
NQYNNDGDGSQYNNTSTSRQYVA,GTGSQFNNADSGTQNINTGSGRQYVA
SFGDRNTGLQMGISNGSVTAHFH,TFGNSNSGFQIGVSNGNI
ELHGQGIQNSGIFNVAG,FHGRGVQNSGNFSVGGN
NGTNYGSQVVRNDGTINN,FGGHNHGVQTGINHGTVNN
NGTNYGSQVVRNDGTINNAFH,FGGHNHGVQTGINHGTVNNTFH
FGGANAGAQAGIVNG,SFGQQNSGFQAGIIHGNV
SFYGTNHGFQLGYNSGTI,GSHNSGLQLGQNVGT
QYRNIRINEGAKAQLGD,GHQYSNIGIKGQAHTGDA
GSGNQYRNIRINKGAKAQLGDIY,GASHKYDGIKVEEGGKALVGNQYGG
GNQYRNIRINKGAKAQLGD,GHQYSNIGIKGQAHTGDA
ISFGGVNSGFQAGNVNGSVH,TVTFSGQNSGFQAGSINGGVSGISF
MSTFYSPINGHIVIAGTHTSAGGTTNF,GAVFNGPISARKMMGGTHVSGGTASF
FGDANSGFQAGIVNGSVH,TFGNQNSGFQAGTINGGVSGISF
GSGNQYRNIRINEGAKAQLGNIY,ASHKYDEIKVEESGKALVGNKYGG
GNQYRNIRINEGAKAQLGN,GHRYPNIQIKGQAHTGD
SFGDANSGFQAGTINGPVSTEIH,FGDQNSGFQAGTINGSV
STSNSVQSLSATDASRIHVGNSY,TTNHVDEFIGGETSRVNVGNTYGG
FNSHMSTQNNNTGSGNQFSGSTFHGP,QNNNTGNGNQFLGS
SNTVHSLTADGNARIQVGNN,GNYAETVQTEGSARVRVGDEWSE
VHSLTADGNARIQVGNNI,SIAAKGGSAVHVGNNY
NIRKISGNTIGSNVIIVQGDLNTA,NTRSISGNTFGNNVNISQGDMTWN
NEGAGSQHNNTGAGKQYIAQNIYI,NNTGRGKQFNNTGTGRQYQAEVMHF
GDQYGNEGAGSQHNNTGAGKQYIAQNIYI,SYFANGQQFNNVGSGTQNNNSQGGRQYFAQSM
FNVSGGIQYNNTGNGNQFLGSQFHG,FNVSGGAQHNNTGAGNQFFG
GDGNNGVQVGYNYGPIRF,TMSFGDNNRGVQTGISNGPINVST
FNVSGGIQYNNTGNGSQFLGSQFHG,FNVSGGAQHNNTGAGNQFFG
TISFGDANAGFEAGIVNGPVSATFH,HITFGSNNQGLQSGNIYGGVSGLTF
FNSHMSTQNNNTGSGNQFSGSTFYGPVN,QNNNTGNGNQFLGS
TQNNNTGSGNQFSG,TFNSYGSGQQFNA
FNATNHGLQIGKNSGSITAEFH,GSHNSGLQLGQNAGT
SFYGSNSGLQVGVNTGPINI,SFSGGNTGVQVGHSTGTINFT
ITHSLVGSGIQHSGSGDFNAR,SHNFNGRGIQHSGSGNFSAG
VAGGTQNNNTGSGNQFPGAVFHGPVN,TQNNNTGSGNQFLGS
TQNNNTGSGNQF,SSFHNHGPGLQFNA
FSASGGTQNNNAGSGNQFQGAIFHGLVN,TQNNNTGSGNQFLGS
GPNSGLQIGVNTGSIN,FTGPNSGLQVAHSTGIINW
NHGLQIGNNSGSIT,GSHNSGLQLGQNVGTLKGFSF
FGERNSGSQVGINNGVIN,TFGSYNSGFQVGVNESPITVTF
SYNNSGSGAQNNNTGSGNQTN,NGGGSRDHFTNSGSGPQNNNTGSGNQTN
ENITIGGSARVNFGDTY,NRSFDNVKITGDARVRFDDTYGG
SIRVDNVRTDGSSHLQIGNNY,AGRNSAKDVRTEDRARVHLGNVFT
FEGTGIQHSGPGNFS,FYGTGIQHSGSGSFSVGNN
DNRTVSGSTFGDGTRLHQGDNYYY,RTISNNSFGNNTQIMQGDLY
TFGDGNKGFEAGNIYGSVT,VSFGNNNQGFQAGNIYGPVSGMTF
SISVRDVKADGNARIHVGN,AENVFIDEKAKVRVGNEYS
SISVRDVKADGNARIHVGN,AHKIEAKGTSRVQVGNSYG
GDGNRGLQVGYNSGSIH,GSGNTGVQVGHNSGT
NQYNNDGDGSQYNNTSTGRQYVA,GTGSQFNNVDSGTQNINTGSGRQYVA
STQDISRVSVNDHSRAAVGTF,SKRTGQYIVNVMTSDGSRALVGLP
EIRASGNAKVQIGTR,GSITARGGSAVQVGNQY
NNNSGTGTQNNNSGAGRQYNA,ANSGAGQQFNNTGSGTQNNNSGDGRQYNA
STSNLVHSLNAANNARVQVGNNY,STNHVGEINGGKHTRVNVGNTYGG
GSGNQYRNIRINEGAKAQLGDIY,ASHKYDEINVEEGGKALVGNKYGG
GNQYRNIRINEGAKAQLGD,GHRYPNIQIKGQAHTGDA
ITFGDVNSGFQAGIVNGSVH,TVTFSGQNLGFQAGTINGGVNGISF
ITFGDVNSGFQAGIVNGSVH,KVTFGNQNSGFQAGTIIGGVSRISF
SFDGANSGFQAGIVNGSVHTEFH,KVTFGNQNSGFQAGTIIGGVSRISF
NSGFQAGIVNGSVH,TVTFSGQNLGFQAGTINGGVNGISF
GSGNQYRNIRINEGAKAQLGNIY,GVSHKYNEIKVKKGGKAFNGNQYGG
GNQYRNIRINEGAKAQLGN,GHHYSNIEIKGEAHSGD
FGDANSGLQAGTINGPVNTEFH,TFGDQNSGLQAGTINGGV
SFGDANSGLQAGIINGSVNTNSH,TFGDQNSGIQAGIINGGV
SFGDGNRGFQVGQSYGSISAEIH,TFGNSNSGFQAGVVIGPI
SRSELHGTGIQHAGSGSFSAR,SHSFYGSGFQHSGSGNVSIR
DNRTISGSTFGDGARLHQGDNYYY,RTISNNSFGNNIQIMQGDLHGNL
GHVYEKITASGNTKVHLGD,GHMYKYVTASNEARLLMGD
FHGQGVQNSGTFHV,FHGHGVQNSGSFSVGNDLN
FNSHMSTQNNNTGNGNQFPGSNFPGTVN,QNNNTGNGNQFLGS
FSGDGLQNSGSGNIIVGRD,FRGQGVQNAGSGNISVARD
SNTHVGSVDLKDNARAHIGNV,GKNSARDITMEDKARFHVGNVFSE
SNTHVGSVDLKDNARAHIGNV,ANNSIEAISAKNETRIQIGNVYGG
FNATNNGLQIGNNSGSITAEFH,GSHNSGLQLGQNVGT
ISFGDENSGFQVGISHGPIH,NITFGNHNSGFQVGVNDGPINATF
SFGYQNSGFQVGISHGPIY,TFGSHNSGFQVGVNDGPLNATF
FQAGVNNGTIN,ITFGGNNSGFQIGQNNGTIS
SFENSNSGLQVGVNNASINHI,NVTFGSQNSGLQMGTNNGTMNG
LNNTGSGISNANTSSGTQNN,FHNSGGGVMNVNTGSGTQNNNNGGGNQFSG
SEAAGTQNANVGNGPQYNNNAGGVQ,NNGDGSQNNNNSTGQQFIGG
AAGTQNANVGNGPQYNNNAGGVQ,ISNSGPGIQNVNTGGGTQNNNNSSGQQFVG
SFGGENSGFQVGINHGPIY,TFGGYNSGFQVGVNDGPINATF
GPGPQNLNSGNGQQTNA,GGKYVNTGSGPQNIHEGSGEQYN
TQDISGVSINNHSRAAVGTF,RTGQDIGNVMTSDDSRALVGLP
ITFGDGNHGFQVGQNSGPITT,ISFGNNNAGFQLGTNSGPISGITF
SYNHSGSGDMFSA,SSFINYGSGDMLNA
SYNHSGSGDIFSA,SSFINYGSGDMLNA
SENKGLQMGQNYGHMEASFY,GSTNSGLQLGQNAG
SFGERNSGLQVGMSHAPITANFY,NSGLQIGVSNSPIT
VFGDWNRGLQVGQNNATIHY,TMSFGDHNKGVQVGNNKGPINYS
VFGDWNRGLQVGQNNATIHY,TMSFGDHNKGVQAGISYAPINYSR
FGEGNRGMEVGQSNAPIQASFY,SFGDHNKGVQVGNNKGPINYS
FGEGNRGMEVGQSNAPIQASFY,SFGDHNKGVQAGISYAPINY
FGPGNHGVEVVENYAPIN,FGDHNKGVQVGNNKGPINY
FGPGNHGVEVVENYAPIN,FGDHNKGVQAGISYAPINY
SSVQSLNASGSSRVHVGNSY,FNHVDEINTAEPSRVHIGNTWGG
WGNSFNVSGGTQYNNTGNGNQFLGSQFHGEVN,TGHIFNASGGTQHNNTGAGNQFFGNFNGP
SFADANAGLQIGNSNALITAQFH,SFSGQNSGLQIGTSNAPIN
FGDANSGLQVGQSFASIS,TITFGTNDRGMQVGVSHGQIQF
FSTHMGTQNNNTGSGNQFPGASFSGTVN,QNNNTGNGNQFLGS
FGDLNSGLQARTIQGPVTAEFH,TFGNQNSGFQAGIIQGSV
AQAIFHGSGIQQSGQGDF,TSHFTGTGFQHSGAGTLSVG
SSNIHVGYVSLKDNARAHIGNV,EGSNTAGNVTLEDAARFHVGNMFSE
FGDGNRGIEVGQSNAPIQAS,TMSFGDHNRGVATGISNASINFS
SSNIHVGYVSLKDNARAHIGNV,EGSNTAGNVTLEDAARFHVGNVFSE
MPNAAGNINARNNAEVQIGDRINV,ANTADSIAVKGNSAVQVGNQYG
TVSFGPQHQGLQVGQSYGSIN,NTFGHQNQGMQVGVSYGAISGITF
GSNNHGTQVGNNSGTINYH,GSNNSGMQVGNNSGSIT
FNTGSGTQSNNSGEGSQYNAHFQHIHA,FNCGGGPQNNNTGTGKQYNG
FNTGSGTQSNNSGEGSQYNAHFQHIHA,NSGGGPQNNNVGDGSQYNADTQNFN
VQSLNASGSSRVHVGNSY,STVNHVNEINTTEPSRVNIGNTWGG
FNSHMSTQNNNTGNGNQFPGSHFPGTV,QNNNTGNGNQFLGS
SSTVQSLNASGSSRVHVGNNYS,NHVDEVNTTESSKVNVGNT
SFNSSNSGFQAGTINGPVNTE,TFSAQNSGFQVGNING
GVRLAFYGQGIQNSGSFQVGGN,AARHVFHGKGVQNSGSGHFSVG
FNVSGGIQYNNTGNG,FNVSGGAQHNNTGAGNQFFG
SVQSLNVTGSSRVHVGNSF,STVNHVDEINTTEPSRVNIGNTWGG
NSLGHATVDGNARLQVGNNYTY,NNSVETVSAKNESRVQIGNVYG
GHATVDGNARLQVGNNY,GTNSAKNVETEGLARFQLGNVFS
NSLRNATISGNGRLQVGDNYTT,TNKIGDLDAQGRSRVLVGDSHGT
TINSLRNATISGNGRLQVGDNY,SSSNTIDQAKVAGTAKVKVGNEY
